{"свистящие": 0.11164797814025558, "шипящие": 0.05096719372198804, "твердые": 0.58188240390543, "мягкие": 0.25550242423232644}