{"т": 0.06528570512409415, "а": 0.06272045148464055, "н": 0.05666003976143141, "о": 0.05512088757775925, "с": 0.04688001026101456, "э": 0.04659141922657603, "к": 0.04322452382479318, "р": 0.0422304880395049, "н'": 0.04078753286731226, "и": 0.039665234400051305, "л": 0.037420637465529406, "м": 0.036138010645802604, "л'": 0.03168088244725197, "п": 0.02985313922914128, "в": 0.0294042198422369, "д": 0.02571666773552235, "г": 0.02465850060924774, "т'": 0.02302315141409607, "с'": 0.02122747386647855, "з": 0.020906817161546846, "ч'": 0.019495927659847367, "р'": 0.017187199384339127, "у": 0.016866542679407428, "в'": 0.016866542679407428, "б": 0.014974668120310395, "д'": 0.013692041300583595, "х": 0.013403450266145065, "ш": 0.012569742833322645, "м'": 0.011222984672609505, "ж": 0.011094721990636824, "ф": 0.010998524979157313, "ы": 0.010741999615211955, "ц": 0.009363175784005643, "к'": 0.009010453408580773, "б'": 0.008401205669210543, "п'": 0.006028346052715962, "з'": 0.0038158147886872312, "щ": 0.0035592894247418712, "ж'": 0.002276662605015071, "г'": 0.0021163342525492208, "а'": 0.0020522029115628807, "о'": 0.0009940357852882703, "ш'": 0.0009299044443019304, "щ'": 0.0008978387738087603, "х'": 0.0007695760918360803, "у'": 0.00041685371641121016, "ф'": 0.00038478804591804015, "э'": 0.00038478804591804015, "ц'": 0.0002885910344385301}