{"свистящие": 0.11285209555605977, "шипящие": 0.050069689799358205, "твердые": 0.5859777640919257, "мягкие": 0.25110045055265634}