{"т": 0.06121175390486706, "а": 0.05900654661538184, "н": 0.058622510515988505, "с": 0.04952565541160869, "о": 0.04868257616215924, "р": 0.04587131190331891, "и": 0.0422079675489496, "э": 0.04042880030722888, "к": 0.03849361840012961, "н'": 0.03783955691835032, "л": 0.03669644946624983, "в": 0.03595537980570174, "м": 0.03457825035553342, "л'": 0.03126593899826584, "п": 0.031175930537470524, "д": 0.027410576594199855, "т'": 0.022358101661556187, "с'": 0.021722041871935962, "г": 0.020785953879664688, "р'": 0.0201888977563891, "з": 0.020143893525991444, "в'": 0.019408824429496374, "у": 0.01812170344012337, "б": 0.017611655495616586, "ч'": 0.017518646752794763, "д'": 0.015406448206131376, "х": 0.01463537572531818, "м'": 0.014074322986360717, "ф": 0.01335125501797169, "ж": 0.012760199458749122, "ш": 0.012718195510377976, "ы": 0.01153008382787982, "б'": 0.008436793058547503, "ц": 0.008391788828149846, "п'": 0.007350690964950705, "к'": 0.0051874876238366405, "з'": 0.004257400195618388, "щ": 0.003465325740619618, "г'": 0.0024542306976855824, "а'": 0.0016801579348458755, "ж'": 0.0015031412952817565, "о'": 0.0012961218354525326, "щ'": 0.0011011035037293505, "х'": 0.0008370786853964272, "ш'": 0.0007770730448662174, "ф'": 0.0007410696605480915, "э'": 0.00047104427816214723, "ц'": 0.0004170392016849584, "у'": 0.0003000282026510492, "и'": 2.4002256212083936e-05}