{"свистящие": 0.11175767352759013, "шипящие": 0.05464732740864505, "твердые": 0.5780604087746842, "мягкие": 0.2555345902890806}