{"т": 0.06538906197950346, "а": 0.06369734616163397, "н": 0.05649938928405803, "о": 0.05509506920358722, "с": 0.046878163802506874, "э": 0.045317082410727696, "и": 0.044435300034618125, "р": 0.04049667208799535, "н'": 0.04037256938320956, "к": 0.03923604987622388, "л": 0.034774884225239874, "м": 0.034298068570010255, "в": 0.03041822611512812, "л'": 0.030202679312079112, "п": 0.028203972592897406, "д": 0.02715236546287043, "т'": 0.023612172515823093, "с'": 0.02127381628880659, "з": 0.020829659240099545, "ч'": 0.02025486776530219, "г": 0.019947876863989966, "б": 0.01887014284874493, "у": 0.018425985800037886, "р'": 0.018125526620030176, "в'": 0.017629115800887007, "д'": 0.015695726294750457, "ж": 0.014043200804708065, "х": 0.013886439493399695, "м'": 0.012985061953376573, "ы": 0.012188191954225698, "ф": 0.01188773277421799, "ш": 0.011848542446390897, "б'": 0.00948405933415633, "ц": 0.007792343516286847, "п'": 0.006257389009725733, "к'": 0.004866132371863958, "з'": 0.0041476430283672655, "щ": 0.00336383647182542, "а'": 0.0019529846700500984, "г'": 0.001946452948745583, "ж'": 0.0015022959000385373, "щ'": 0.0011495829495947066, "о'": 0.0011299877856811606, "ш'": 0.0007772748352373301, "ц'": 0.0004376253274025304, "х'": 0.0004114984421844689, "у'": 0.00035271295044383044, "э'": 0.0003069909013122228, "ф'": 0.00013716614739482294, "и'": 1.3063442609030757e-05}