{"т": 0.06545332580144048, "н": 0.0599809348962011, "а": 0.059905027538483265, "с": 0.05085792967095043, "о": 0.048986725038836325, "р": 0.044058042649343314, "э": 0.04178082191780822, "к": 0.04041095890410959, "и": 0.038428541166501906, "м": 0.037122228498799606, "в": 0.035378124558678156, "н'": 0.03515393306030222, "л": 0.033577531422115524, "л'": 0.03169573506566869, "п": 0.029464411806242055, "д": 0.024601045050134163, "т'": 0.023278844795932778, "з": 0.0214305888998729, "с'": 0.02108282728428188, "р'": 0.019811820364355318, "г": 0.019642352775031777, "в'": 0.019404038977545543, "ч'": 0.018166572518005932, "у": 0.016854963988137267, "ф": 0.016554865132043496, "б": 0.016110012710069198, "х": 0.015147931083180341, "м'": 0.014533611071882502, "ы": 0.014254695664454173, "д'": 0.014210563479734501, "ж": 0.012300522525067081, "ш": 0.01159617285694111, "б'": 0.008639316480723061, "ц": 0.007904956926987713, "к'": 0.006436237819517018, "п'": 0.006190862872475639, "з'": 0.00475744951278068, "щ": 0.004162547662759497, "г'": 0.002524360965965259, "а'": 0.0021960175116508968, "ж'": 0.0017935319870074848, "ш'": 0.0008314503601186273, "щ'": 0.000769665301511086, "х'": 0.0007167066798474792, "ф'": 0.0005136986301369863, "ц'": 0.0004748623075836746, "э'": 0.00031069058042649346, "у'": 0.00030892529303770656, "о'": 0.00021006919926564046, "и'": 2.1183448665442733e-05, "ы'": 1.7652873887868945e-06}