{"свистящие": 0.11495555915443313, "шипящие": 0.04901353707214374, "твердые": 0.5873145916491221, "мягкие": 0.248716312124301}