{"свистящие": 0.12149614499374273, "шипящие": 0.04731024705295492, "твердые": 0.5830379724679916, "мягкие": 0.24815563548531072}