{"т": 0.06464146086787596, "н": 0.05763175574496329, "а": 0.0546206583942433, "о": 0.05254850537869406, "с": 0.05222473147001449, "и": 0.047643330662198585, "р": 0.04301336376808075, "э": 0.04219583464866484, "к": 0.037978679488113454, "н'": 0.0379382077495285, "в": 0.03792201905409453, "л": 0.03575273386594141, "м": 0.03419861910427948, "л'": 0.028281650923160356, "п": 0.027682669192103153, "д": 0.02581287486947864, "с'": 0.024825364448005958, "в'": 0.021280040147964675, "з": 0.020988643630153063, "т'": 0.02091579450070016, "г": 0.020519171462567688, "р'": 0.02029252972649199, "б": 0.01788850845454619, "ч'": 0.016577224124393934, "у": 0.016051091522789634, "д'": 0.015298317185109638, "х": 0.014513165456561682, "ф": 0.01401941024582534, "м'": 0.013234258517277385, "ш": 0.01255433330905029, "ы": 0.012012012012012012, "ж": 0.011469690714973734, "б'": 0.008304800757630947, "ц": 0.007746290765158689, "з'": 0.006038383396873963, "п'": 0.005398929927231814, "к'": 0.005123722104854181, "щ": 0.004565212112381924, "г'": 0.0018131338886055867, "ж'": 0.001716001716001716, "а'": 0.0015864921525298884, "о'": 0.001108925637227524, "ш'": 0.000930849987453761, "х'": 0.0006151704264911812, "щ'": 0.0005989817310572028, "ц'": 0.0005504156447552674, "э'": 0.0004775665153023644, "у'": 0.00045328347215139666, "ф'": 0.00037233999498150443, "и'": 4.856608630193536e-05, "ы'": 2.428304315096768e-05}