{"свистящие": 0.11601713141501038, "шипящие": 0.05233981014535746, "твердые": 0.5862071096608326, "мягкие": 0.24543594877879957}