{"т": 0.06233311876315205, "а": 0.060855182447196975, "н": 0.05192405947539034, "с": 0.05094261739057642, "о": 0.04964364992538153, "к": 0.04731128167676494, "р": 0.047011075862586564, "э": 0.043345101016369875, "н'": 0.037545932932866476, "м": 0.037084077834130515, "в": 0.03435335956285415, "и": 0.03397521570076408, "л": 0.033582638866838516, "п": 0.03071625066030846, "л'": 0.029195015428846893, "д": 0.024850690906361765, "т'": 0.022766569773315745, "с'": 0.022685745131036952, "з": 0.021124097578435985, "г": 0.020896056623435105, "ч'": 0.02025523267393896, "р'": 0.018716677876274793, "б": 0.017310906419497212, "у": 0.017261834315256516, "в'": 0.017140597351838326, "ф": 0.015662661035883256, "д'": 0.014565755176385349, "х": 0.014256889579105675, "ш": 0.013546787364799136, "м'": 0.012839571744859698, "ж": 0.011451119854284717, "ы": 0.011237511871119335, "ц": 0.009208236031048209, "б'": 0.008714628394274152, "к'": 0.008457721495602274, "п'": 0.006852775027494811, "щ": 0.005224735804450552, "з'": 0.0039402013110911615, "а'": 0.0023294816542495, "г'": 0.0021851519358945123, "ж'": 0.0020206160569698262, "ш'": 0.0010536069439914095, "щ'": 0.0007303083748762373, "х'": 0.000675463081901342, "о'": 0.0006119580058251475, "ф'": 0.0005253601748121549, "ц'": 0.0004762880705714591, "у'": 0.00036371089025456874, "э'": 0.0002338141437350799, "и'": 5.773188734199504e-06, "ы'": 2.886594367099752e-06}