{"свистящие": 0.11591640142137793, "шипящие": 0.051664729955034606, "твердые": 0.5813604136142407, "мягкие": 0.25105845500934676}