{"т": 0.06637047078356144, "а": 0.06272968653811475, "н": 0.05968274498342837, "о": 0.048981140053601296, "с": 0.047373722927302464, "р": 0.04224366826890192, "и": 0.04221257702854798, "э": 0.04039373946784233, "к": 0.03955116685425048, "н'": 0.03929310955931276, "м": 0.03600054720583023, "л": 0.03574870815896329, "в": 0.03159802757171194, "л'": 0.03069016335337682, "п": 0.02856974076123793, "д": 0.02519945030687054, "з": 0.02409882039834097, "с'": 0.022323510574130845, "т'": 0.022133854007971795, "г": 0.020056959152328423, "ч'": 0.01990150295055871, "р'": 0.019351187996293925, "в'": 0.019021620848542132, "у": 0.018378032173215517, "б": 0.015564274921183705, "х": 0.01492690449392788, "д'": 0.014230460709999565, "ф": 0.013705018748017933, "м'": 0.012961938103558703, "ы": 0.01261682533562994, "ш": 0.012554642854922055, "ж": 0.011883072063276892, "б'": 0.008565636717511208, "ц": 0.008515890732944901, "к'": 0.006616215947319003, "п'": 0.006224466318859325, "з'": 0.004393192262012101, "щ": 0.004076061610401885, "а'": 0.0027857751357132643, "г'": 0.0019991667547585145, "ж'": 0.0017162364675376359, "о'": 0.0009545010788660403, "ш'": 0.0009265189625474919, "щ'": 0.0008363543655210581, "х'": 0.0005845153186541224, "у'": 0.0005036780937338714, "э'": 0.00034200364389336946, "ф'": 0.00031402152757482106, "ц'": 0.00029536678336245545, "и'": 3.109124035394268e-06}