{"т": 0.06711787719507825, "а": 0.06295917453111934, "н": 0.05484709114801099, "о": 0.05121102616174889, "с": 0.04702992474017441, "э": 0.0424083144188269, "к": 0.04190060924620714, "р": 0.04172141918528252, "и": 0.04153849599808864, "н'": 0.03902236889260542, "м": 0.035166049456456815, "л": 0.034266366025564446, "в": 0.03244460040616414, "л'": 0.030581770397801935, "п": 0.029831412017680085, "д": 0.02646039899653566, "т'": 0.023234977899892487, "з": 0.023231244773623223, "с'": 0.022365159479154222, "ч'": 0.020319406283598136, "р'": 0.020226078126866564, "г": 0.01999462429817226, "у": 0.01874402699796918, "в'": 0.018269919961772785, "б": 0.01627643053398638, "х": 0.013760303428503165, "д'": 0.013756570302233902, "ф": 0.012711294946840281, "ш": 0.012662764305339864, "ы": 0.01239024608768367, "ж": 0.01221105602675905, "м'": 0.01176681400071676, "ц": 0.00933281567315733, "б'": 0.008026221478915303, "п'": 0.006794289810058535, "к'": 0.0059730020308206904, "з'": 0.003945914466610918, "щ": 0.0039048500776490266, "а'": 0.0024190658224823797, "г'": 0.0018889618922470434, "ж'": 0.0015977780432445347, "о'": 0.0013327260781268665, "щ'": 0.0008996834308923665, "ф'": 0.0008287540317763708, "ш'": 0.0007578246326603751, "х'": 0.0006159658344283837, "э'": 0.0004965057938119699, "у'": 0.00041064388961892245, "ц'": 0.0003322482379644009, "и'": 1.4932505077051726e-05}