{"свистящие": 0.11554014551123815, "шипящие": 0.052642263219436145, "твердые": 0.579531798103157, "мягкие": 0.2522857931661686}