{"т": 0.06669788349878254, "а": 0.05861272398077043, "н": 0.05024661297371543, "р": 0.0502029094087532, "с": 0.04921645751389149, "о": 0.048211275519760254, "к": 0.04527689330086783, "в": 0.03719797714927889, "м": 0.03665480427046263, "э": 0.03659237060623088, "и": 0.03551226821502154, "н'": 0.03347068739464319, "п": 0.032790160454517076, "л'": 0.03163513766622963, "л": 0.03026159705313105, "т'": 0.025672722732097145, "д": 0.02435537241680714, "р'": 0.02214522070300306, "з": 0.021770618717612537, "с'": 0.02148342386214647, "г": 0.020640569395017794, "ч'": 0.019635387400886557, "б": 0.01875507273521883, "ф": 0.016956983205344323, "у": 0.01625772616594868, "д'": 0.01571455328713242, "ш": 0.0145033402010364, "в'": 0.014322282574764313, "х": 0.013960167322220142, "м'": 0.012655303739776488, "ж": 0.012542923144159331, "ы": 0.010132983704813636, "к'": 0.009926952612848847, "ц": 0.009758381719423113, "п'": 0.007541986639195855, "б'": 0.006911406630455141, "щ": 0.005731410376474995, "з'": 0.004869825810076793, "г'": 0.002291315477305363, "а'": 0.0022538552787663107, "ж'": 0.0014796778422925642, "ш'": 0.0010051819941312356, "ф'": 0.0009989386277080602, "ц'": 0.000830367734282325, "х'": 0.000730473871511519, "щ'": 0.0005993631766248361, "у'": 0.0003621152525441718, "о'": 0.0003621152525441718, "э'": 0.0002559780233501904, "и'": 6.2433664231753766e-06}