{"свистящие": 0.11403335180347766, "шипящие": 0.05249478878070662, "твердые": 0.5850616111243041, "мягкие": 0.24841024829151165}